escenario,objetivo_s,rep,episodio_degradado_s,offline_generados,recuperados,perdidos,wifi_flaps,build,archivos_crudos
A,60,1,93.7,5,5,0,0,#1,18-42-48 + 18-46-05
A,60,2,71.7,5,5,0,2,#2,19-18-05
A,60,3,76.3,7,7,0,2,#2,19-18-05
A,compuesta,-,183.2,9,9,0,1,#1,19-07-08
A,300,1,379.2,5,5,0,2,#2,19-28-59
A,300,2-blip,5.4,1,1,0,0,#2,19-40-52
A,300,2,351.2,5,5,0,2,#2,19-40-52
A,300,3,415.4,5,5,0,2,#2,19-52-01
A,900,1,963.2,5,5,0,2,#2,20-00-53
A,900,2,903.5,5,5,0,2,#2,20-23-02
B,-,1,152.0,10,10,0,2,#2,20-41-44 + 20-44-51
B,-,2,225.0,10,10,0,2,#2,20-48-46 + 20-51-05
B,-,3,97.7,10,10,0,0,#2,20-55-07 + 20-56-29
